{"cameraMode":{"drawMode":0,"name":"Shaded","section":"Shading Mode"},"sceneLighting":true,"audioPlay":false,"sceneViewState":{"m_AlwaysRefresh":false,"showFog":true,"showSkybox":true,"showFlares":true,"showImageEffects":true,"showParticleSystems":true,"showVisualEffectGraphs":true,"m_FxEnabled":true},"in2DMode":false,"pivot":{"x":143.60089111328126,"y":266.00701904296877,"z":-3.4773483276367189},"rotation":{"x":-0.21953053772449494,"y":-0.0228306595236063,"z":0.005148080177605152,"w":-0.9753072261810303},"size":22.98158836364746,"orthographic":false}